1,tahiralauddin
2,aliabdullah
3,huzaifa
4,sheroze
5,haris
6,zain
7,tahiralauddin
8,aliabdullah
9,huzaifa
10,sheroze
11,haris
12,zain
12,tahiralauddin
13,aliabdullah
14,huzaifa
15,sheroze
16,haris
17,zain
18,tahiralauddin
19,aliabdullah
20,huzaifa
21,sheroze
22,haris
23,haris
24,zain
25,tahiralauddin
26,aliabdullah
27,huzaifa
28,sheroze
29,haris
30,zain
31,tahiralauddin
32,aliabdullah
33,huzaifa
34,sheroze
35,haris
36,zain
37,tahiralauddin
38,aliabdullah
39,huzaifa
40,sheroze
41,haris
42,zain
43,tahiralauddin
44,aliabdullah
45,huzaifa
46,sheroze
47,haris
48,zain
49,tahiralauddin
50,aliabdullah
51,huzaifa
